KC_ID,
040O0204,
040O0212,
042E0182,
042E0146,
042E0160,
042E0161,
040O0238,
040O0218,
040O0219,
040O0703,
042E0140,
040O0217,
040O1501,
040O1502,
040R0103,
040O0252,
042E0147,
040R0104,
040O0239,
042E0306,
040R0106,
111J0203,
111J0204,
040R0301,
040R0302,
040R0201,
040T0101,
040T0105,
040T0111,
040T0112,
040T0113,
040T0110,
040Q0105,
040O0231,
040V0204,
042E0155,
040Q0100,
042F0801,
042F0802,
042F0803,
042F0808,
042F0810,
042F0811,
042F0819,
042E0159,
040O0243,
042F0101,
042F0102,
042F1101,
042F0202,
042E0167,
042E0168,
040O0206,
040O0242,
042F0401,
042F0402,
042F0301,
042E0163,
042E0164,
042F1001,
042F1002,
042F0601,
042F0701,
040U0102,
042G0301,
042G0202,
040P0801,
040P0802,
043L0901,
043L1002,
042E0177,
042E0180,
042E0185,
042E0106,
043L0201,
042E0150,
042E0151,
043L0204,
042E0184,
043L0101,
042F0502,
040O0291,
040O0292,
042E0307,
040P0109,
042E0301,
042F0702,
040O0247,
043L0102,
040O1506,
040O0221,
040T0114,
040V0208,
040Q0114,
040P0206,
040O0245,
042E0181,
040O0250,
040O0270,
040O0293,
040T0115,
040Q0113,
040O0248,
040O0249,
042F0818,
042E0308,